id,Name,email,city,street,postal code,Latitude,Longitude,Phone
1,Kip Gaskell,kgaskell0@cmu.edu,Jieheshi,897 Blue Bill Park Center,,30.006284,111.721281,(643) 9564910
2,Johnna Meneux,jmeneux1@house.gov,West Palm Beach,227 Basil Crossing,33416,26.6664174,-80.0894977,(561) 2765950
3,Muffin Dwyr,mdwyr2@typepad.com,Kista,74281 Myrtle Hill,164 45,59.4013379,17.9291325,(157) 8270983
4,Vere Tomlinson,vtomlinson3@nyu.edu,Vänersborg,02484 Barby Point,462 87,57.9675068,12.577321,(132) 2558357
5,Gan Keam,gkeam4@seattletimes.com,Charopó,873 East Lane,,41.2624266,23.3738571,(170) 6545238
6,Cicily Ghiraldi,cghiraldi5@tinyurl.com,Paris 14,2 Old Shore Plaza,75669 CEDEX 14,43.4945737,5.8978018,(566) 3274440
7,Westley Babon,wbabon6@edublogs.org,Zhongzhou,8 Moulton Drive,,34.746611,113.625328,(422) 2163368
8,Cyril Iskowicz,ciskowicz7@marketwatch.com,Hammam Sousse,172 2nd Road,,35.886399,10.5915072,(686) 7081552
9,Byrle Whaplington,bwhaplington8@psu.edu,Lyon,96146 Fair Oaks Road,69446 CEDEX 03,43.0429124,1.9038837,(650) 5922499
10,Hill Clemow,hclemow9@last.fm,Lidu,50227 Village Street,,39.9778273,116.4792741,(572) 2796619
11,Odie Belch,obelcha@desdev.cn,Štěnovice,56 Anderson Way,332 09,49.6705225,13.3996389,(983) 4599963
12,Harald Scarse,hscarseb@ebay.com,Taquari,3 Graceland Crossing,95860-000,-29.7569364,-51.8311441,(857) 3241600
13,Jacinta Hallet,jhalletc@surveymonkey.com,Ballsh,776 Gerald Center,,40.5963905,19.7383332,(692) 2869023
14,Arabelle Brugemann,abrugemannd@com.com,Boa Esperança,93 Atwood Trail,87390-000,-24.2670414,-52.7241914,(963) 4235083
15,Cassandre Pavia,cpaviae@washingtonpost.com,Jesús María,33 Cardinal Drive,5223,-31.4149049,-64.1467066,(923) 7380854
16,Merrel Compton,mcomptonf@clickbank.net,Kongjiang,9 Shasta Circle,,29.686366,89.208761,(780) 2540391
17,Jobey Stenhouse,jstenhouseg@merriam-webster.com,Ayagoz,13 Elka Hill,,47.9755808,80.432736,(261) 1695451
18,Doralynn Kernermann,dkernermannh@ebay.com,Stockholm,37042 Killdeer Circle,103 70,59.3433282,18.0638221,(597) 7954102
19,Kimmie Arminger,karmingeri@google.pl,Maraial,8 Pond Park,55405-000,-8.817615,-35.7625241,(838) 1929500
20,Karlee Seine,kseinej@sohu.com,Yablonovskiy,2 7th Avenue,385141,44.982137,38.9254064,(522) 4941750
21,Harriet Pinkard,hpinkardk@oakley.com,Nidek,80528 Reinke Park,43-354,51.748067,18.492437,(992) 9808020
22,Nissy Gouinlock,ngouinlockl@hatena.ne.jp,Braga,63736 Crescent Oaks Street,4700-005,41.5678915,-8.4219601,(716) 7562177
23,Luis Chate,lchatem@si.edu,Chelbasskaya,038 Carey Alley,353715,45.9773921,39.3668159,(268) 8115963
24,Deane Posen,dposenn@soup.io,Triandría,91319 Debra Court,,40.6241099,22.9734623,(914) 6343146
25,Emile Elson,eelsono@kickstarter.com,Zagreb,11656 Drewry Junction,10020,45.7307005,15.9513163,(364) 6209316
26,Pearline Corker,pcorkerp@webmd.com,Kouzhen,01046 Old Gate Plaza,,34.704077,108.706358,(497) 4418815
27,Sigrid Gristock,sgristockq@amazonaws.com,Vanves,51550 Barby Terrace,92179 CEDEX,48.8120404,2.2718631,(883) 5783632
28,Jaquenetta McElrath,jmcelrathr@smh.com.au,Galle,905 Anthes Avenue,80000,6.0481918,80.2153998,(266) 4511612
29,Janka Zappel,jzappels@who.int,Stockholm,991 Hanson Terrace,116 30,59.3156702,18.0942083,(171) 2500020
30,Jonathon Blockley,jblockleyt@reference.com,Badrah,93975 Hooker Parkway,,49.615051,101.9927979,(574) 2507323
31,Viki Petty,vpettyu@stanford.edu,Peski,52489 Hazelcrest Plaza,175323,57.6466053,32.6123944,(678) 5760425
32,Andy Trenbay,atrenbayv@devhub.com,Ostroměř,230 Darwin Pass,507 52,50.3781731,15.5447069,(320) 6438141
33,Otis MacGiolla Pheadair,omacgiollaw@bigcartel.com,Hugang,772 Crescent Oaks Park,,47.349916,130.297964,(801) 7887113
34,Caryl Ohrt,cohrtx@jugem.jp,Cértegui,65 Waywood Trail,272027,5.40004,-76.60003,(789) 1089738
35,Cissiee Duggon,cduggony@upenn.edu,Kirovskaya,8719 Columbus Road,353276,55.5834553,38.1546279,(287) 7547845
36,Stephenie Byer,sbyerz@tamu.edu,Bokat,53 Mcguire Way,,1.0725136,121.499885,(651) 2540449
37,Sherlocke Marden,smarden10@liveinternet.ru,Старо Нагоричане,298 Raven Center,1312,42.199015,21.8297133,(555) 3257931
38,Teodora Alexandersson,talexandersson11@kickstarter.com,Hougong,13 Eastlawn Hill,,25.435964,119.110257,(310) 5337311
39,Jamie Gawthorpe,jgawthorpe12@dailymail.co.uk,Agiásos,1274 New Castle Hill,,39.0820946,26.3724138,(224) 2152489
40,Joella Gadsby,jgadsby13@godaddy.com,Bantiran,0 Garrison Lane,,-8.3075674,114.9813499,(116) 8833479
41,Frederica Lope,flope14@paginegialle.it,Shalizhai,417 Sachtjen Crossing,,40.188816,123.696241,(806) 6819206
42,Jillene Woodland,jwoodland15@msn.com,Engenho,20 Novick Park,4620-207,41.2681051,-8.308171,(623) 4016076
43,Kathrine Blumfield,kblumfield16@exblog.jp,Chadiza,41322 Steensland Junction,,-14.06355,32.4382307,(831) 2903784
44,Diandra Sim,dsim17@accuweather.com,Zhuji,1257 Pepper Wood Street,,29.708692,120.246863,(694) 4589467
45,Bord Cromleholme,bcromleholme18@over-blog.com,Bobojong,6 Shelley Avenue,,-6.7535737,107.260056,(156) 9259938
46,Magdaia MacDuffie,mmacduffie19@youku.com,Masma,9 Sloan Avenue,,-11.7843129,-75.4242758,(492) 6634595
47,Katharine Lemmon,klemmon1a@nydailynews.com,Ouangani,03 Nelson Avenue,97670,-12.8490559,45.1394745,(969) 4537953
48,Corina Sibbson,csibbson1b@wikia.com,Uiasa,1 Valley Edge Place,,-10.1508133,123.4551696,(194) 8729090
49,Yance Jessope,yjessope1c@rediff.com,Huwei,0714 Cottonwood Alley,,30.7998721,103.8280655,(300) 1367929
50,Dorothee Shipperbottom,dshipperbottom1d@netlog.com,Botoh,74973 Morningstar Park,,-7.2608514,111.7793523,(782) 1663846
